address, points,
tz1QSbd179w1Xp9WTaCwcBt4xxvBpZEtxbxJ, 209.2050209205020920502,
tz1Xtw4QseYemiFGrxUyVD3XCZeuou5nmoXp, 104.6025104602510460251,
tz1Me1MGhK7taay748h4gPnX2cXvbgL6xsYL, 209.2050209205020920502,
tz1LHh1BAEf7tJDZnqqF8pSS9Uy4dLhu3bGJ, 313.8075313807531380753,
tz1ZfxjoBeGkRG7zLgyH6gnYVNAL9KQwRnCB, 209.2050209205020920502,
tz1bhMc5uPJynkrHpw7pAiBt6YMhQktn7owF, 104.6025104602510460251,
tz1cfYDUztejCEVLWcemW8XZ32UmsT5HRnYf, 209.2050209205020920502,
tz1bRybF7LvgnmQhvL92iqWL1MkUQ9gz5qP3, 104.6025104602510460251,
tz1XYh8aN8MdCGKKhKgKwuT1duedWn22hqBt, 104.6025104602510460251,
tz1L8mheYYSQSSxsSqEFyHDcMwJkqy37p5kk, 104.6025104602510460251,
tz1dkkfj76D6KkhqwZbDcBy2hRvNc45TEaVM, 104.6025104602510460251,
tz1feAQgu4hiGMukdBCLjLiDevjUGL1U6zsr, 104.6025104602510460251,
tz1SFp2ep4eN7YHPPyCe3HQENR17qxFsRFLu, 104.6025104602510460251,
tz1hwHSjAX4LLuVBZNEwimE4wixPRPSfCy7s, 209.2050209205020920502,
tz1YjsPAFc2RmuKa784bkeQhdVLzbnRVtB7c, 209.2050209205020920502,
tz1SGPStfd9v5upQUxRiHPC9666X4FpVAmK4, 523.0125523012552301255,
tz1cUayLoh54cuEGG5C5XJnrftdY4o1imVFR, 104.6025104602510460251,
tz1VPBPt5JXudRcexm6pgiN3peuVBaYrfHmi, 104.6025104602510460251,
tz1SUgyRB8T5jXgXAwS33pgRHAKrafyg87Yc, 209.2050209205020920502,
tz1e79js9L7MZUmdio6oDigvtK9Up8Jqxt18, 313.8075313807531380753,
tz1ccChjQckbojW39Rd9U2z2oqe9m7wNeoLf, 104.6025104602510460251,
tz1LMwpzp6amFjuJWMoaUQaQcLxb7XTXux15, 104.6025104602510460251,
tz1heNFwoPQDiGRzJ89r29jdzH267gkXHX4E, 104.6025104602510460251,
tz1TNyGDAxGn2t4EDh5JK9Xu6KKaS3FeGViH, 313.8075313807531380753,
tz1RmPNzio2JFSecq8W1bohHsRFxetW3WTsF, 313.8075313807531380753,
tz1Uzm53vPr2Giyi32yT9GUvBErKqHPBjvQL, 523.0125523012552301255,
tz1NiraRNtWgpXyyxopRTk2a7Py9oKFdrgkB, 523.0125523012552301255,
tz1SMoz8tsJzeQPtGhPEjPnanQMvFc5KitVh, 209.2050209205020920502,
tz1LGkz6e1mTymuFyHBVFQZsHEtHepCYYgXD, 104.6025104602510460251,
tz1WW1xr4mdTif7jorgVr7aqY3YnnJPSDXj7, 313.8075313807531380753,
tz1Z2Ne4ZHxNPuCJeCcoykHVXTqhVdLMD9gV, 418.4100418410041841004,
tz1NhuLdEpkZ89o7L2jsPCwkwdkQMmvdsGBx, 104.6025104602510460251,
tz1Rux3pGrp2KpZUBKvg3VQ4edRYVJsapr4z, 313.8075313807531380753,
tz1YPwsoimj6u1yEhWHb3ok1jckWPLcTfJZD, 104.6025104602510460251,
tz1bwLGYYfZnPG9E6rmkeXQ9VXEH8QdzYfJQ, 104.6025104602510460251,
tz1eSGjgq2NmLWnaQFQxafXK8ZQF5V7Sz72y, 418.4100418410041841004,
tz1fwd9Ub1AwXaRNLUfdDCtQfWyeq8YcJvCV, 104.6025104602510460251,
tz1Zya25zMcv5a5UbYyLYVuES7SA5eWcis5b, 209.2050209205020920502,
tz1fo22Xmf7vAhG5oKRSs1cKwoe61rz8bj4v, 209.2050209205020920502,
tz1ModnzoHjjVaKTReeQUQviaTx38fNe7Cxa, 418.4100418410041841004,
tz1KkAB91jj22vLF23iy8j2FLiNY7UQQNcAm, 104.6025104602510460251,
tz1UGuKv6PzgVbofb42VgeRwDwsVN47UpuZB, 104.6025104602510460251,
tz1UVbZj97XFLZfvXGF6i1UcodUCqdontCJZ, 209.2050209205020920502,
tz1WNk2o2hJvzjuZRNmZQwjLQuv24wDv1zjU, 104.6025104602510460251,
tz1hKW9ZbV7U1hb1zPfrE6HG5UWsKt6eppMa, 104.6025104602510460251,
tz1XmqF5gnTjgE6Cxu5CzaT5H7vXiFfihe95, 209.2050209205020920502,
tz1P4owaJWbeXsuqGSvggi3imzR2mJDpyxTV, 313.8075313807531380753,
tz1iPA3gTLEnEaa9iFdCcPHpnZPXMah9CshZ, 104.6025104602510460251,
tz1eee5rapGDbq2bcZYTQwNbrkB4jVSQSSHx, 418.4100418410041841004,
tz1Yx8y6ynAEik7FqmZm8pyxmXz92w3XrWzV, 209.2050209205020920502,
tz1aVZZd883FwyEx5g2o3TgQ7pwEYi2f6apg, 104.6025104602510460251,
tz1bBkoYeN1KLDWAYQDRT7UZQfSJem22J5SF, 209.2050209205020920502,
tz1chAZukD7QacpWDUJ33dGqeWFvknj5Xpj9, 418.4100418410041841004,
tz1QDp8TCD9dJgWoszxo77K6QukSTubjqd2C, 209.2050209205020920502,
tz1PrdiHD3Ys28bHXVGXQ3VbiLAChe58bzt1, 313.8075313807531380753,
tz1gfWTGmcTxn41vJ3EAoS2AWD1G8K94uxG5, 104.6025104602510460251,
tz1Qs93gzEve9EqZk4zhBzPp9BdAssDJhdoJ, 104.6025104602510460251,
tz1dNTV2DXUpqC7SEiJ4BTB5RvL53bPPHZfM, 104.6025104602510460251,
tz1TrxaPKNsRpcgw58155HdX6USrpV2fERQm, 104.6025104602510460251,
tz1N2YQowzNfW94YVPiFZVHXHcD6p19yUvZN, 104.6025104602510460251,
tz1ewhB53Yc4ZQtsozHYEiG14tG58L6WFfWs, 104.6025104602510460251,
tz1aZsKPTRdkm9vaQhWv9Mz8ZbwxSHmf7t9T, 313.8075313807531380753,
tz1Kw75XexTGpMKeV6FMoUiRRWN8fHZc6HG3, 104.6025104602510460251,
tz1R6EXCZma5WocdnVx4qo8eSv283jVrtq2p, 104.6025104602510460251,
tz1TRrpXyABLU7RfM1fR5AbFM4g3F71KpKVS, 313.8075313807531380753,
tz1QQ4HyGbCZDmQxeVHoLP99KLyfvGvyX21i, 209.2050209205020920502,
tz1bBqonW64y1VHVsmMpSrtfUgUYV3mWG2xg, 104.6025104602510460251,
tz1czaureyspHk1etv1dKV1WmHCs9pb4fXBr, 104.6025104602510460251,
tz1ecAtwNdrsABBKa7Bvn9ZEq1Ze1EvS9WTW, 209.2050209205020920502,
tz1VtJh8Rjb8RbZu5WvUyD6VZ4qqU8VpSFe6, 313.8075313807531380753,
tz1azRatbQbSijKfdw3CaRGz9LfiSkVminuQ, 104.6025104602510460251,
tz1QwuQxv1DwnzCEDP51UTvYFgop6nePAXPH, 104.6025104602510460251,
tz1WT27PugwGBtre1hsj6BHmbAK2qQsVbRDo, 523.0125523012552301255,
tz1WaDeDu4iQLdtb63rFaiwz9ghJJvWfwfsc, 104.6025104602510460251,
tz1NpaSh5FzvsqVCEcLDtfexYyYELz9ys1m7, 313.8075313807531380753,
tz1SAnXjbvHpxCbdhHGgLHccFYvy6s3mPDaN, 209.2050209205020920502,
tz1aCHzduykNyX5zLbJwnweezcNfAaWP7zYd, 209.2050209205020920502,
tz1hZCTBEN9dLET5m7wRLonrNSocjaCtuCUo, 104.6025104602510460251,
tz1XtUUtbTJqhqbLSNVb4MaazY8mzdNgzZkM, 209.2050209205020920502,
tz1WUBEpxdhAt6S7Uyzrkx4gDVYH6nBiTNai, 209.2050209205020920502,
tz1fNjMk7tPJVVg3MCE7DZj4x85DXH9DsuuS, 104.6025104602510460251,
tz1Un4jjSLqxu2p3bZnAhRhFvcA5j8kPeU4Q, 209.2050209205020920502,
tz1c6Brwut7ZqXQfkjxDXvyAUL2Mr43p2JZZ, 209.2050209205020920502,
tz1NjmqjVryyamcC5DJ2KYeZn9rD25nARe7D, 104.6025104602510460251,
tz1bS48UjMighMf89V74z1Fg5JdxTK5FKNas, 209.2050209205020920502,
tz1aaGzD9tTGb3xX1oF7cYN4UWU2YXuw5WvG, 104.6025104602510460251,
tz1SBxNvpDFC4bjW23CtQfVLqN5cBATVf68B, 313.8075313807531380753,
tz1WGMbfVnzVSTD8oNgZA8feaYvNvBYzSVmD, 104.6025104602510460251,
tz1XRTNgXgWmR4PqxZpiB6HZJ8Siz3M2JAim, 209.2050209205020920502,
tz1WTFspeogAswLUyxUKrLKxmrCZ2aRqhSYz, 209.2050209205020920502,
tz1MTQ2uGHetUUa5K2VKawTErtRGxvcTVWSG, 104.6025104602510460251,
tz1NLriYQcLzyDqvd1PR6uQcYaiUv7wvCn3C, 209.2050209205020920502,
tz1Rgo7URug42QnhBM6eLy4MWdfwn4RovHy6, 313.8075313807531380753,
tz1hRZDdpiGm68vPHkvUbmrQLGNLggjxx9PS, 313.8075313807531380753,
tz1XrwX7i9Nzh8e6UmG3VnFkAeoyWdTqDf3U, 523.0125523012552301255,
tz1eK1BQWxv7mKn924RYRTxUj7ZWLD4zpZAG, 104.6025104602510460251,
tz1WeKH4iJ4PVxKeVYwCoRUZNW9f9vFq1QXq, 209.2050209205020920502,
tz1U6R3G9mF8n9qH5mhrMZjgJTMKAEYb9Uw7, 209.2050209205020920502,
tz1SdKt9kjPp1HRQFkBmXtBhgMfvdgFhSjmG, 104.6025104602510460251,
tz1UQ6cQZef4MuskJjV9g8pXNZa5s8ff1oQy, 104.6025104602510460251,
tz1RPbKSL7N7hd35ncAZ75XjEFNR5TBC5A8s, 418.4100418410041841004,
tz1dAKrr5ruyGJg2J34qdzPDXDMkMbqbYQfK, 418.4100418410041841004,
tz1PkhtL92gsaK2rjwMQRWEZ7YHpSvX7khyh, 418.4100418410041841004,
tz1RY14SJ4XnvjL2Ak6EtXn3Q8YZUvknQo5G, 418.4100418410041841004,
tz1dnKZn3p3VVFFMHTEVDf27QAsvaBc9kv67, 418.4100418410041841004,
tz1iMcmAUmTwrg1A2wgpBusDxyLu43UP2jf4, 418.4100418410041841004,
tz1aZsnuNAcKKGevP2QYDMUAj2n4EMh4gziy, 418.4100418410041841004,
tz1ZXeFfsL3pe3jnUWLe9fe2qX4f8KQRsu8N, 209.2050209205020920502,
tz1aNkb3p9Zcu9FTxyEU9HzAi5fFzSDRfLC3, 418.4100418410041841004,
tz1Umr4aa3F2tx6PAPtAcPw7ip3Wz4iFwPak, 418.4100418410041841004,
tz1XUCMAcjkUKnxyebTFLrgo1DDwZdhwpmK4, 418.4100418410041841004,
tz1czzCxrfa2hVsoNf45NPaqfHBjQE6vzxKa, 418.4100418410041841004,
tz1dzSD1AtD1dc3yRsi3aZZKmZDuyFrMdevR, 418.4100418410041841004,
tz1hMYeVB5fGhk678qvtczD26MeimChAUtNf, 418.4100418410041841004,
tz1QqGWAeKVMasqtGBEvMbhX4xEy55kELG8Y, 418.4100418410041841004,
tz1ir4kUT5GoMMjNw6UCfjLjQZnR3F1CZGz1, 418.4100418410041841004,
tz1bTNf2xQMUoFB9H45vqiSCRzSczfWxPSyN, 418.4100418410041841004,
tz1im9WQSRrrqqJ7ZjMqrkDpjAfgjoE1FC4P, 418.4100418410041841004,
tz1ZCur1tFazP59WXLEfwwajEgjsdeJ6hD25, 418.4100418410041841004,
tz1gvWT4Xtad5nkWTLgE47UaJGYDVXs2q2kH, 418.4100418410041841004,
tz1NaKs71zDeYGgryyTFVD4avdFbX1T4Ssoe, 418.4100418410041841004,
tz1hZdwBxsEREbHStW7io7AacXWSy1mxqC5z, 418.4100418410041841004,
tz1dsvBGt2bDoMMxagnpHf45ehgNtQ6ctg3z, 418.4100418410041841004,
tz1SyjC2R1MUtpqwEnzViKrtaKokdpN7NBg5, 104.6025104602510460251,
tz1eZqHM3dsE1XsZ5GRXzcZsxUAG1AXByidJ, 104.6025104602510460251,
tz1LxkEN5DUeU4usSqobNqYmvWa5VN1NC2B4, 209.2050209205020920502,
tz1WfywmB9V1F3nMv7DQrKhCppPLFnHC3d7m, 209.2050209205020920502,
tz1X1sEEtFA7Jr66Pu65m1GUf8Aqx5pXajKW, 104.6025104602510460251,
tz1egZ7YNcG81udp3pGXPBsYQsUNHB7xAH7V, 523.0125523012552301255,
tz1aq29s7i9haNFbPXJy7hTGNXHwZmqXKwoZ, 209.2050209205020920502,
tz1VjYmQHw4QE6tYTQLLfWNjqkUNwMC7YPoF, 104.6025104602510460251,
tz1daKxrqyoFUCcuQj36BeMN9C1Ytmjg5p6n, 313.8075313807531380753,
tz1R6c21GNqpDHhxfktn5sFbj2P3jopELuLi, 104.6025104602510460251,
tz1b4Y6E5szNCHKZadDnAvdUyBfr7eQoEM3Z, 209.2050209205020920502,
tz1bHdK1npebtQrhiyGvSfQ5pvBFvd6hTFSn, 209.2050209205020920502,
tz1dBU7YAkrviDyUvZN5aeTZJ9YrmtaDADMG, 313.8075313807531380753,
tz1NaaW8HM3Msa19ssPo5ftDTAvrs7ifUDtr, 104.6025104602510460251,
tz1P1Y8vC45oCeqxNjxkzqmnTK6xgbjaWUAe, 418.4100418410041841004,
tz1eZkdJGMpxcyrbnLyvyqovk9W7DuRXP2qg, 418.4100418410041841004,
tz1bFwY5rc7Y6eNgdB3JmF1JnbCT4izWZnEo, 418.4100418410041841004,
tz1e3LWzbxFCRQtrJkLmLrseuif3FWesYmdK, 418.4100418410041841004,
tz1LhTrxes4PQE7p1W3ZZVEsCjuU9d1pMDo1, 418.4100418410041841004,
tz1NFcxc5MYciojoEtNKbPLEbKn5aAUx8vZV, 418.4100418410041841004,
tz1QcSHXmn1XYvruxn6tqSCzz3ikfAKn4qPP, 104.6025104602510460251,
tz1dajUpp8E7A5jA53nqZGfBxs1HLchGM1Wp, 418.4100418410041841004,
tz1Sk8DsCyWKmcEA89p8ytREwcSjWQGf4V2q, 418.4100418410041841004,
tz1c3Ku2TbC457jtQk7S6A9bxCWGvuhi3kDY, 418.4100418410041841004,
tz1QLPdm9ZS8F8LARVyjW43YuX4ErAPbjaLi, 418.4100418410041841004,
tz1KrVFQao21YrkNG4QV3fDVV9fJurzS3gVc, 418.4100418410041841004,
tz1Vw7GJh6jvsBnmqoHgUUkXxtmnxjuppvSA, 313.8075313807531380753,
tz1L8m6MGdvK2WA65wQ7DeVwXVmCS72JKWeN, 104.6025104602510460251,
tz1ctJighHo6XN64YEmrHy3Fharv7SdkXV99, 209.2050209205020920502,
tz1TzwsATfg9gmap9SQvEUE1bjtS3KVvu35z, 209.2050209205020920502,
tz1P1hET8sJEQELty7s7ubGdKKjCbNDoKGAJ, 104.6025104602510460251,
tz1fW8hikkvPfzHPkZyArYB3d7QRey23trTP, 209.2050209205020920502,
tz1Lh77Bz6BTBiGwwEj4by19Uic77umCobMw, 418.4100418410041841004,
tz1RadC74HiTA5p3JnpgaKFWTFQYBXL2Lb9X, 418.4100418410041841004,
tz1bDxsuUubL5dgYK351dZuyJN13RVErGu5c, 313.8075313807531380753,
tz1NWWwJrxdoR388TXqrZviX8hUGz5aBAnVo, 418.4100418410041841004,
tz1ffeGkVt8a2m5DQNma9wjgJhYFEeEDJQkW, 418.4100418410041841004,
tz1bPLdomr5BKaG7WtahzhGkYgiQHPDj2NFk, 418.4100418410041841004,
tz1YTQ3Lys25j8FhZQY61eoYErYUteSao3ez, 104.6025104602510460251,
tz1VMW2abkMAF88M1zvikhPwPgKZtEHKzXXN, 418.4100418410041841004,
tz1djbv9JAQkbn8uQqXJEmM4ymxHSqmdzGy4, 313.8075313807531380753,
tz1SpRwsAdsWshBeugtEaWD5PhesgzRvHVrn, 209.2050209205020920502,
tz1fmTtpA1fZAFibSHfEbWEBxZUsp3HxepaG, 418.4100418410041841004,
tz1Td3Vh5jX5Hp8AeMoXYefV9wKbT7HLoGj6, 418.4100418410041841004,
tz1iGMzHF8xEczXDaJSJ1NsyH3HePhJU9qow, 209.2050209205020920502,
tz1ce4mSta7gyaTkkvSsic82nfPF9gMhfCn8, 418.4100418410041841004,
tz1NjmRtpVqPAi4puVNGShTo2WSMsoYB4zuC, 418.4100418410041841004,
tz1Sgzrh2iCYg5Jm8C7PgXQich5aZmjkDGWp, 418.4100418410041841004,
tz1LQbbrjCaCGHeXeoZPyzNfJ7bDg5zWJSja, 104.6025104602510460251,
tz1P9evKJAn7YLjckZVG4qLFRYNU1GZhgs1h, 418.4100418410041841004,
tz1VTZzWaPRfTZ4XJwcirEPRtppTqv25CoM4, 418.4100418410041841004,
tz1LpwJRttneQdsKtSePBykyfMepGrF6zHXk, 418.4100418410041841004,
tz1hmwh3nrdKnfsc1eywFymTvUMPjtpib9Wp, 418.4100418410041841004,
tz1Zc6pKfoK919rjngFFtwGBRyHZSey2eb9Q, 104.6025104602510460251,
tz1XsGfTaYiHhrxWaZ4bxqdZNP7azZMMLXFn, 104.6025104602510460251,
tz1SR5Aobw3zhpHgp5QPdZRkCcWZGsfDY6Vo, 209.2050209205020920502,
tz1QaoDT9XpiJejGd1SJneWjnrrycRzG8t77, 313.8075313807531380753,
tz1dghYwdzvHc3tYHp8iHpNUSpmAvvs8Zjs8, 209.2050209205020920502,
tz1R5vPZGvtYMjoozLr9famL2UcbKzPAuAXb, 104.6025104602510460251,
tz1ix4QkVD9SGun3TZUHp77qgNmuQScHWhQu, 313.8075313807531380753,
tz1Nr91ko7YdsazPKrnaogvRN8yE83NsYote, 104.6025104602510460251,
tz1Y8qsUP6cZdxAxcTQRZyXAkEg1yiCa2NCs, 209.2050209205020920502,
tz1gRw13LYXAoaK6UGq475DhYTRLrp7TGBJy, 104.6025104602510460251,
tz1ZzWKeubMQJaHs6VcM1j12ty71CmXdM7ux, 209.2050209205020920502,
tz1WGf8gCAX5mWG79KZSVy6pCwzJpBgMC1CN, 104.6025104602510460251,
tz1akJUKXFmNjxKaCqcEHmwbx4u86xfHLYJc, 418.4100418410041841004,
tz1h5N43ourWo8wU43iNQYbEtjAcWYohowd2, 104.6025104602510460251,
tz1fdU8vUGW41i2puNDh6DoiixdiEcHdVEKs, 104.6025104602510460251,
tz1h2XxhaUJ8RvsZAofUzRDNihZLLDLkC8oR, 104.6025104602510460251,
tz1ZcbwkAeMs4vHveeQkn8G1mbJAPDSeYQ7P, 209.2050209205020920502,
tz1bJy76yU3WpLFzTxfurhBJKgpbSJnY8htX, 104.6025104602510460251,
tz1S9h681gzCr8cNfoVUgdc6CYqniXWA6Est, 104.6025104602510460251,
tz1fbuq6YReixwnLqYS6EtFh3p3ezxH3itx9, 104.6025104602510460251,
tz1SEox4m6JwzUjLL2daQMKU7XDrvsEukR7X, 104.6025104602510460251,
tz1UcwKfokzWm6g2jpnVVqjRBd9iFJQHhH2m, 104.6025104602510460251,
tz1RY5ReBeXiEmphWfNaLfXbzQrHgRsefze2, 104.6025104602510460251,
tz1c8VBNqenRB8xxzNE5iWr8Q4Zh5KKHgMMQ, 104.6025104602510460251,
tz1agwxv1npTpnBZLGYg8kELfjMGjkySdKtC, 104.6025104602510460251,
tz1RE4P8Ww4bEzRVQHtYiz54axQuV56nXbWE, 104.6025104602510460251,
tz1Mfm4T9ULeDvzAN7DKCPSN2AKKjdVgc6Ab, 104.6025104602510460251,
tz1SCbAeg7gjotfXcNh38hCWGpmQbSb6NwmQ, 104.6025104602510460251,
tz1ffEMMLfTGhfjF94sjqvhXkuLBjVGtguwb, 104.6025104602510460251,
tz1TytGkY2yPbMK3c5oyvjNmHxHkz5HPpR18, 104.6025104602510460251,
tz1cmBHhCvwSg9rXTdNFmVMR3xE2JWK3rhTF, 104.6025104602510460251,
tz1SZvFfWyKfzRpxskgFmFd4oXQrRHz8kfWH, 313.8075313807531380753,
tz1MrV4csD1ZjQ8gYyHFkyWt3fVwBknr47hs, 313.8075313807531380753,
tz1PQDUDph7dDCn8pLGXqaR79DiUWLiSZdEf, 418.4100418410041841004,
tz1XRiWaNuhQXm9ZSFrUYiT3sSAJG4iwD3iK, 104.6025104602510460251,
tz1f38MX7YT2Q7MAq3mDdj75GTN7vgqV2TfH, 209.2050209205020920502,
tz1fCEeLBcuSMSittqTnMEhcFdPCtD1HsiZc, 313.8075313807531380753,
tz1RBj9cQW4nhy1EcyjZM6i7rGwKYJuAn3fp, 313.8075313807531380753,
tz1RaAwq6xUWAd1YitcqigFqy6jyrhujx9G5, 209.2050209205020920502,
tz1M2MZgecBAEgZzMEcw4RTLDKZRSRJLBQcN, 104.6025104602510460251,
tz1Uza3jMhipiQMtmeEidizjbSqnqZMQyRv7, 313.8075313807531380753,
tz1VThdg8okUnzjZUDo6iEHQpj7AfjUQ4Sg4, 104.6025104602510460251,
tz1TrvRTDo7KBu1Acc5j12R8D6anAHeM9Tdp, 313.8075313807531380753,
tz1ZDDHc1YycDdwQezjVDVCSfSB6A1xH3YxG, 209.2050209205020920502,
tz1Zy8XZvaEeAbPHNeXKpL7t47PXRqKkkW6v, 313.8075313807531380753,
tz1aD4DmnnGyqxL7neCZ5JMQ6UnpcrKCpajE, 313.8075313807531380753,
tz1UVjnYXp5DZaCX3JZvxQQqxKnXaVMYAYZD, 209.2050209205020920502,
tz1UHFZH9D324xpUaLFnRoCN6wncDd7fCTpx, 313.8075313807531380753,
tz1UFF5DSDDtk3fM1ewaLvVG6fhaAeCdgYEt, 523.0125523012552301255,
tz1XT3SAzJh47s5DxMJud63MWnvDftqWFtS3, 104.6025104602510460251,
tz1NiySfCtftUyATTNu3cN2adQxQHjq7JUeM, 313.8075313807531380753,
tz1fL2TsQR271w84MXx3qFD7y4PZ1F2mpHFA, 313.8075313807531380753,
tz1PTR7wFs8pTFarkpsZ7zrtVBJhusyNRRM5, 104.6025104602510460251,
tz1Pbq5gbBhZGn7BsyTt33HAPGtDFDx2unne, 209.2050209205020920502,
tz1bpz9S6JyBzMvJ97qPL7TeejkUiLjdkDAm, 209.2050209205020920502,
tz1PVSa73kn9hBNWx1f8w3uMeZD4Hr6QeKQJ, 104.6025104602510460251,
tz1Vq5mYKXw1dD9js26An8dXdASuzo3bfE2w, 104.6025104602510460251,
tz1XuzzMTz1LhqbRPy9uxfRkccSxju3v8Y4j, 418.4100418410041841004,
tz1hYc8FKJSztPJb8a9b4V4yQBGtk9t1FkEj, 209.2050209205020920502,
tz1eCLWs5k2Xh8jsqigz5zsNHoUQXWRSPDBp, 523.0125523012552301255,
tz1ZW1Z6YqZKjeCbb5LVTWJ7UaSTooXmMajq, 523.0125523012552301255,
tz1RrNFg8Pm4WXEpzsrb6YeGZeib6moPn849, 209.2050209205020920502,
tz1NDSU6ptm2ozgvZ43kQNB97ZCg61TGeX3P, 104.6025104602510460251,
tz1MyqKoe43P4Z8MfHoXVBTrohgcbehp2zLL, 104.6025104602510460251,
tz1PVAVNuLrDWk8KmCJE93qEF9TSWsDe5WsQ, 104.6025104602510460251,
tz1cmanHzitf3UgWgECzLpGUKpzEfmGZaFsw, 104.6025104602510460251,
tz1aBDeNFooBEmBXnWDVgLknNMUHMYhHVcRA, 209.2050209205020920502,
tz1eyjM7qgcAwVwCoiEGBn3Vp3iBYzdWxCZB, 104.6025104602510460251,
tz1YtADQDGF7EYc45aUR4ftMRCL3rgXkqwDK, 209.2050209205020920502,
tz1dmNMXraGsmyPByV8RxDUAaF5XDawnHpDf, 104.6025104602510460251,
tz1YQXd4LjZfDaKRvSTwBEwgggREFfX95JUc, 104.6025104602510460251,
tz1iTrJBfWEM1mowWJ1xVGDcfKpAqv89QGwA, 418.4100418410041841004,
tz1fbRxV7MFRUDXpR6F25mMFSVo2UYwi5qJa, 104.6025104602510460251,
tz1X8AQxtn4KzBwMZ6MZUVFDcACrfnyfYhDg, 104.6025104602510460251,
tz1iXbbzm9Wogk7D2W2qNwYzePbQVmYP6BXN, 313.8075313807531380753,
tz1fKRC9S5AykeQNyYYuXkmeDr4HAFeButYh, 209.2050209205020920502,
tz1hWxyYMfK3h3y7WvL1ErggtgneuNynC1JA, 104.6025104602510460251,
tz1enSmESCGkRYo2CtDYKhqUHFTAQkpXjYjg, 313.8075313807531380753,
tz1PMB2EKqwkD2NDuf9tvdqhEjhBy3pBGQKX, 418.4100418410041841004,
tz1Sv2XMQNxcAqyqyyv42FHjf3EGwJ3Godj1, 104.6025104602510460251,
tz1XURNKubUTyRyKcr4sm6bFb1UtD3PSxMAp, 104.6025104602510460251,
tz1RartAmPJhFsL9oAhZndSL2G7KCsaQqqkf, 209.2050209205020920502,
tz1h31ZUHoPtY3TLr7pg4oR6349C82NYyS6r, 104.6025104602510460251,
tz1cLd3gXJ9Fk5c648hRzFvTnGfT97CxcHrj, 104.6025104602510460251,
tz1KecVSfxmnyGDHKRqegXgjTkwhU7zTop2t, 104.6025104602510460251,
tz1NkFRjmkqqcGkAhqe78fdgemDNKXvL7Bod, 418.4100418410041841004,
tz1USBJ4HRxuvrVUqaxALcdXaRs8AC1PdYjM, 104.6025104602510460251,
tz1MT9A2Fhs6PwsUXtYgVUxGNxHeuHX93sr8, 313.8075313807531380753,
tz1WBMWCwjuFSsiiLUWKEQHEACNEat2S3EsD, 104.6025104602510460251,
tz1PrecMTmNArbdvQxtZLUVUBT8rcC86dKZC, 209.2050209205020920502,
tz1dTmMLY7tan1HKfW5e3KxJcfZput6UuTH6, 209.2050209205020920502,
tz1VdkRmdVwSJpbZgBWuBbLBg4HNwEGEZT1E, 104.6025104602510460251,
tz1RDbEW7YUkwnnDdMNieSiF6kB4XBws7QSg, 209.2050209205020920502,
tz1MdSsDBG8k8q1pxZrdpSC2Aw49ukFs8ACy, 418.4100418410041841004,
tz1PTJETGZGgetWYioD9wdwqX6FSkJ2DewWQ, 104.6025104602510460251,
tz1W6VppMPG5DrirmXETxo3HtchkeuuGKoGa, 104.6025104602510460251,
tz1YqsEWdPxBmqVKsJircrwBmCmZDtHAgHzp, 523.0125523012552301255,
tz1hp5F7iZrQoviSG53p6QHXgQZu24p5EXUd, 104.6025104602510460251,
tz1bMLmaYWNNJBYUgPGsCV2C3B4CixzmnDk4, 104.6025104602510460251,
tz1KhU89QWZuuhhnDD1paFp1jYMdpJLh55im, 313.8075313807531380753,
tz1Z6nhkXDgJjDzSpDEX5g2o1ris8Ga4xjDY, 104.6025104602510460251,
tz1d4cbP98Sbni6mxUmvAN9vufMZskSv3F4K, 104.6025104602510460251,
tz1LCxKMsFAZL22892bGgiz8HFy3XJ77ovpp, 104.6025104602510460251,
tz1hD7VdzRpWG3nmYpCyW2gNc8mQNs3TCgxu, 313.8075313807531380753,
tz1MstraWa1kkCRoGRYpYEtMncugi99rUx2H, 104.6025104602510460251,
tz1No2sPXo5iWB34Kx1c352pATHg6xgt8nLs, 104.6025104602510460251,
tz1WUTBHw2R6pUpChVYiPtBgce2UExjPawAL, 104.6025104602510460251,
tz1KtTk63watvV1MgKtFYYbdzLmkWJNgkxSE, 104.6025104602510460251,
tz1SsYVf2h1PLq9gerxgZPaE24wUZ3pt1k6t, 209.2050209205020920502,
tz1RKFh552rxCpu41nM8CkZF2SrbXAHx1kHP, 104.6025104602510460251,
tz1UVTMhbMiSETKCxFi413yZ7imF1xeyt3fV, 313.8075313807531380753,
tz1VokTq5w2ngWQtfwzF6pyB24Ro6C692Wez, 209.2050209205020920502,
tz2HvBoCABjT3kwS4qQGmDdDc1oFk94n8DrT, 418.4100418410041841004,
tz1a92ZVmHDSqZ2dYbcrTZG9baK7bXSMRazZ, 209.2050209205020920502,
tz1NufWtpqS3nfR8VW1xFyWq4GWqb969keeR, 313.8075313807531380753,
tz1cXYGQtku5bZtRDXwGyMw7Y52AYkpX2vH1, 209.2050209205020920502,
tz1d3kPmT5vs5gDix4Tn3AqtTJcYkrJijFp7, 209.2050209205020920502,
tz1TAQ38nTAVbwiriFjqypHdamZfU2dth4t9, 104.6025104602510460251,
tz1dKaw4xdNjfufDSLWRxumNBwe2VX4mxXyW, 418.4100418410041841004,
tz1cjUSmgY7T5Y5iWgVMSGkY17YTVNiMuABQ, 104.6025104602510460251,
tz1fK2YzkVLDEQYZ42wq4jS8hTZsefvaZAsh, 104.6025104602510460251,
tz1LneSuN2kX6i6womnMXBdNzJHXKWJNCW24, 104.6025104602510460251,
tz1QRmTnSnfQQ9eXHUKN6dfp55xZyEh9Ck4X, 209.2050209205020920502,
tz1Z4HEApoZ8Yum7RTc94Nqt2eepRcHFSqcQ, 209.2050209205020920502,
tz1eZFb4bNMMdveGT7BPcktbYsurg2e8r1xR, 418.4100418410041841004,
tz1Ziaxoio55wxE9UWpXnaMgRtSN3VBhgGTX, 209.2050209205020920502,
tz1ZD5nQNtzgTzZxHgxgFuGo9CNBuGJHVRXu, 418.4100418410041841004,
tz1Lhhzd16ZGf1gwM1o7UJUU3KUm9oB9FGeg, 313.8075313807531380753,
tz1Qor64hy8s7jH8ZQkMoaYLiS6NVmkeSBbY, 418.4100418410041841004,
tz1T5GmdYXDWwbhBrU7RubT7Z2dmz3ZmKwCE, 523.0125523012552301255,
tz1cSMrgBZXdv63TYyHQb9UBJWueBXYqfA4V, 418.4100418410041841004,
tz1cDMypoKuxEmuKAvs64eGSXeSGr9Whkz9V, 313.8075313807531380753,
tz2DsS3zeg4pqoUnRPHxvuRSuQrjDnTZcTNJ, 104.6025104602510460251,
tz1e6WjbfGYL1j1SJ47EhGjRb22LDH5tKEwA, 313.8075313807531380753,
tz1cnojsw9qgMbdpgPeCcWPf5GX4YPvd4HAh, 209.2050209205020920502,
tz1Yy5kcjxj8HkyTRzYCgB6qBfKY6ApbyxBt, 104.6025104602510460251,
tz1QkQLtDkqpw8VSymi13A86jh5iaCeMriMJ, 313.8075313807531380753,
tz1cZg2dY1NZka5vJfcACh8owd9Pt5E28pNP, 313.8075313807531380753,
tz1Mw1ciFo72KMrpHbayY6hYyGwa85ZB6tqt, 313.8075313807531380753,
tz1ehi2FBU4jejksde7qpj4iqN27x1mv97sS, 209.2050209205020920502,
tz1MXhttCeSJYpF3QRmPkMLCfNZaVufEuJmJ, 209.2050209205020920502,
tz2CrWArLr8eRCj6mp6yYQAKshR9MuyaK3Qu, 104.6025104602510460251,
tz1dyQ93s2GViy3jjCQFTt7tixxp2XgmAgfz, 209.2050209205020920502,
tz1UU3TTSqaLpmJBSP3YsjuUavmps2J22C94, 104.6025104602510460251,
tz1eHjHbhpvr59sF7EQL2qU4wGhKLLUJmJRv, 104.6025104602510460251,
tz1LxqBcvRbZhp34C2ab62CMy49wFbsQSzD7, 104.6025104602510460251,
tz1SRqikWtR2KNpugCApreA9QeZuqh8swQMa, 313.8075313807531380753,
tz1Y7kGA8vLAwBkZfTgj4MJS4zgHXSmMn7tW, 209.2050209205020920502,
tz1bdEr4yZspfJspwkGUFb1SdByrYVy65viW, 209.2050209205020920502,
tz1W99qh26X5p1AP2EHU8KUDNJsuwWw5jknz, 104.6025104602510460251,
tz1gqXVnz1qnCUM2qQHbij4YRNCztgPCT15q, 209.2050209205020920502,
tz1iuQgH6htUbmdLALotF4HHbbKxjN7MkGd8, 209.2050209205020920502,
tz1QoX2Z9y87yRg2kMVWzFquMUJrtHUes4wY, 104.6025104602510460251,
tz1cFCXH1wMkruL2DXi5QkWEJdUpH8mSQrbh, 209.2050209205020920502,
tz1MqBmTktQuYq1db4WWPovah8QdYFX34coB, 104.6025104602510460251,
tz1MmbcQQDP8wFSiBU4qm6xAYW3nzTLduCdg, 209.2050209205020920502,
tz1TTHPG3zAwgAMX5tfB3EAFhUSEo1p1S8mP, 104.6025104602510460251,
tz1ehGMhxarDhwppx14PX1Y3eqbZ5W9Bc2Y1, 209.2050209205020920502,
tz1RqPXzNXcCAFiKy1o7aWmeSQb5fXCjywcN, 209.2050209205020920502,
tz1bGNEDyUgkZziP8dR6kQLrH9kvHD5qpg5H, 313.8075313807531380753,
tz1PULq3erNrFYXm7rkSCAhAY7x7pd5zj9r9, 418.4100418410041841004,
tz1M5PbzRQTG5rBQqD3jSoR46BefzuwMqmiY, 209.2050209205020920502,
tz1gqPptf3kJnnuBx9gpGp933BChYVyoPvAp, 104.6025104602510460251,
tz1enbGpES1NDr2kTaocDhxvMqtpMy4ruhW6, 104.6025104602510460251,
tz1fu49qdGtSMhvkPT7QEiqnaEAnJQqgKAAY, 104.6025104602510460251,
tz1f94uZ7SF2fLKnMjFzGQTbznd8qpAZ12is, 104.6025104602510460251,
tz1VV5912Qp7qqZaQ28MC2G3RQ89UhEdueqt, 313.8075313807531380753,
tz2MBb5FxZXzhBuAPmY9z4zYTF8NeWPEkiV4, 209.2050209205020920502,
tz1a5QW18ULwjJK71LSc7UqNGgryrFouHzf1, 104.6025104602510460251,
tz1XYkmAHtkZFjZLdWNoL2BTqUws4oD4H1PR, 313.8075313807531380753,
tz1KmGBhhyesXxsHHUhYhnDB6FpZg9S86MjL, 104.6025104602510460251,
tz1btWiN9bUEyeZPxULBy24G5HSDC7a3aQTJ, 104.6025104602510460251,
tz1bjTaXURxeCucaPiCvRB7F9LouyUqdvn99, 209.2050209205020920502,
tz1bMChZyFPviHAcUbJaMUZrPmDRjfZmSpaY, 209.2050209205020920502,
tz1RPJZCCaXzywaZbUQ1AShwDGW2eqqopqio, 209.2050209205020920502,
tz1TVZgy4rejPUkEF3bsxLGNCp6H4gz4PaGf, 104.6025104602510460251,
tz1MGG4inpLtsuWe2WtK1G89bpeSM36t2YP2, 418.4100418410041841004,
tz1Y4cGsQd26rAkCxegZvUunnvfXxJvDNSmF, 209.2050209205020920502,
tz1fKtBhuuZiMYhM3Pi1hcP2sjRbstgDrmqX, 209.2050209205020920502,
tz1gZc62y2fzaFCtMdy4WJUuD1CEoSWYt5su, 209.2050209205020920502,
tz1i8yq6NJ6E339ewac5wnLg5WS9rVngZapV, 104.6025104602510460251,
tz1dz7eYRd5uV2DndcPWFeEHYGgw4bJZoCBN, 104.6025104602510460251,
tz1Kp19QyYUnXuE6cxuXxsfQZbyqv5JtKPku, 104.6025104602510460251,
tz1eTKUU4v43YCeGYu3DavpMiKz1Lfijuayp, 104.6025104602510460251,
tz1WMFtCLLeRiayH19ZiaErKq4Zu9p5N73Sr, 209.2050209205020920502,
tz1fT3kd2thAU3R3GvTr967McJps82CwFWup, 209.2050209205020920502,
tz1brpTwsNqxpJW69iQxaZSLAZgsLbSwRuN1, 209.2050209205020920502,
tz1bBS9UkVu1rbR5taywsP82iHfcy9Mi7jou, 313.8075313807531380753,
tz1NNJ5yutMQ7JgpGKL8t1DhzxBuhRqEzNHi, 104.6025104602510460251,
tz1QaKxkKUWj8hpzZdF4hZAeYqTQRGJpAQu8, 209.2050209205020920502,
tz1Vw1tsHuRYaCuk341eUzPfK7oj6FFcs6c9, 209.2050209205020920502,
tz1U9TaTZHgULoSpmuQzYr9NDNBxsAfiqLi4, 104.6025104602510460251,
tz1WXkHhhmzH77m6pPpFvrACc89jazQoxKzT, 209.2050209205020920502,
tz1LETorkxsSMisCtzE6euYCTrqUJrFpPLyz, 209.2050209205020920502,
tz1ZvvmZZNR9e7b2Ygtp5hguWs5yA6T3iVyX, 104.6025104602510460251,
tz1Y7cYM2HNdyGbMDwCujBm8ArMeSSvHZHuj, 209.2050209205020920502,
tz1ZVf8D4Fe5Kz1yY7HSYUwf4bMurrzwhsGc, 418.4100418410041841004,
tz1NPu5aFQ12P3KGhBGgt7G79SAgVj2Skkn1, 313.8075313807531380753,
tz1ie5CKdwKxCgy9MJXC3tGbHGMfG1ysVkhx, 104.6025104602510460251,
tz1UJk9WAnjFS5fNSsDDrxjCXnNZ89PqYcZp, 209.2050209205020920502,
tz1UVSt6w1K7SUDNbr2NjnqSaYf9PRn4E1bD, 209.2050209205020920502,
tz1NnwnAGP4boF1UMSJ6JzvJGVnmpcNtybrQ, 104.6025104602510460251,
tz1VdZtR6qFJLqmWxQE9A9eBrFD5rbpqLM5j, 209.2050209205020920502,
tz1cJts5G1ecxAzdBnz4avCjQkmFuTj14zZi, 104.6025104602510460251,
tz1Tnjaxk6tbAeC2TmMApPh8UsrEVQvhHvx5, 209.2050209205020920502,
tz1PuipWs33aqS2KSG5k1qQtC6Dff1P1GBmM, 104.6025104602510460251,
tz1L9o9zasQLvyxpSwhekofMAZQmjFP8wjVX, 209.2050209205020920502,
tz1gLNb49fErXUiYdreLAAV6twp4v3Lm8V4H, 104.6025104602510460251,
tz1VaWs34HNbex6r5T4QPUgC6oSnKkvgvTWb, 104.6025104602510460251,
tz1VSEJ4DendnD8EDj7wwdYBrupfUGq48uer, 104.6025104602510460251,
tz1W19DveaP3mW4WvFtdVdqGsWwBL5q1QDSK, 209.2050209205020920502,
tz1cgb5NhBsxGdxTPPHpzzeX3gZmnRGpgvJc, 104.6025104602510460251,
tz1UGcoyfZj3QaKkLXuQSXgBA7urSBjDDvXe, 104.6025104602510460251,
tz1X1RB2NczpcVbohg4v2ix9yR8b9PMVdjf6, 104.6025104602510460251,
tz1VLGH7SJ4HA6kDXRiHYqVFkn2btjnoxqib, 418.4100418410041841004,
tz1P8QiaHp2NeBQdtvi9Co3uB7iL5Myox46D, 209.2050209205020920502,
tz1itNTUuNyTuPo2NHXouxhuzng4mFLn2eHW, 104.6025104602510460251,
tz1hywxoonA3AAtyDtQDsh7RvGCFWoD7nXd1, 104.6025104602510460251,
tz1T1u1CET7ek19f5P59vCdjTNFWAscYQ5ct, 209.2050209205020920502,
tz1ih3tpHebToNE4LLgcYWjhhz3h9CoSLgVX, 104.6025104602510460251,
tz1etDLGYdnSeCJSCU6cXoMwAcLxAwWiije5, 104.6025104602510460251,
tz1UAuVzdHizWaLbDB61sicJpzz86U4BzWmw, 104.6025104602510460251,
tz1NL14EZjUmY9eEdk1ejyACEaTuwVGVKEeU, 209.2050209205020920502,
tz1ZEAfCkK3hJAbTATBF6jXmjPdhr5ZkNduu, 104.6025104602510460251,
tz1cqoo91JCc6sKmNuTVKNzwUdi6E6moHWFb, 104.6025104602510460251,
tz1PhkwZmw5LC1KoYaM2JzqvKBZ742JErF5i, 104.6025104602510460251,
tz1i6NCbUd6BCBEL26G8y28d871HHvnTTBDW, 104.6025104602510460251,
tz1SJM9p8T4dgahdyZFTvtVx7HT6p9p9BVJW, 104.6025104602510460251,
tz1ZutSZgCHEzxspXyoSYSREhwHh5g4PM8hN, 209.2050209205020920502,
tz1cHiLQJdFFEtpfEXGE49AKG98pggyjDZAW, 209.2050209205020920502,
tz1YSwscBZCf26kSPvqsnUdhnS4XQD6mAjcz, 104.6025104602510460251,
tz1T4uFy6cRbKVrpoSJsW6AY53odBvKBw1ZS, 209.2050209205020920502,
tz1QwZgNgPc3fFCCNLbrmjfB3Czms4qaobyA, 104.6025104602510460251,
tz1RV8NPxcqv5HVUrj5TBaDJCj83BN9SLTrW, 313.8075313807531380753,
tz1VCnzbTo1wQjrdtGE5uEahkZqjxvfCfU6S, 209.2050209205020920502,
tz1czGMShkB8ZtCHKHeCPTY3CpuiCrjsGJBy, 209.2050209205020920502,
tz1XLpud4YtVgwiAJezLKUsAo9K2s8n2YPqx, 104.6025104602510460251,
tz1ZuiTWKXKqYfzFPaSaAG3Huf9QM1AdZ1pJ, 104.6025104602510460251,
tz1Q1LWn8wCK77L4xetjbH3Ar7sDaSANezZx, 418.4100418410041841004,
tz1MoSc51WX2oLDSFiD44x8yieKVZrr6CzqN, 104.6025104602510460251,
tz1KsiwkQ9pyrt4Ra7QrAQp5LQJCGxHQrY1n, 104.6025104602510460251,
tz1NdDuJjKUPN4knT3J1S5CQ44gP362RU5NF, 104.6025104602510460251,
tz1PuUhbXZdYGp1bWpz9tb5p4pg75H5Uswd7, 104.6025104602510460251,
tz1QNQhdKSZYDdF8up6fzn5dKkmD32hboGXm, 104.6025104602510460251,
tz1LGEUSxGeg7sLJVCRphGEXHCaEgeCYZ8pB, 104.6025104602510460251,
tz1bZ6EWRJvYUccpUtfaYmUjaA3gSB6dKRW8, 104.6025104602510460251,
tz1SQQyuCQzYZXx7u7qoShV5XjYW8HjDvfBf, 104.6025104602510460251,
tz1iAAJhH465Cf3BnsKQ744XHypQGY1v7Ps9, 104.6025104602510460251,
tz1SC9G4trWAEkVKQVhe7iAV2CrWrvs6kjaE, 104.6025104602510460251,
tz1dPPVGVRxY45ZvnRMU3vebaBVMuhPq5bxh, 418.4100418410041841004,
tz1VnXCALwSCihScu984A3dbY6XXLzDqJWa1, 104.6025104602510460251,
tz1Z8GiVm3rX2uNia934LLRHYJuuoCUt1gQq, 104.6025104602510460251,
tz1Yr8wx6afTmCjBhHQBrxDSr8CXEwsf1qWo, 104.6025104602510460251,
tz1g1vr7gbU7kwxVqmbmnovTGtdeRxFE6uBk, 104.6025104602510460251,
tz1Q86tz2HeTL6iwHVcYe7nGUN4zSU545nWf, 104.6025104602510460251,
tz1i33SorsoTPtkQ2jmL1ocaD65FK1MAmEAr, 313.8075313807531380753,
tz1LN3wPFYuS5fCnodwxT94xVFLPtcFHvcHk, 313.8075313807531380753,
tz1iF5QV7UwnWq9AMkn43Nh2NcuLWx3BxCm3, 104.6025104602510460251,
tz1R9YvicdSNHkYyqTjj6JVauDMkFXWAs51q, 104.6025104602510460251,
tz1cW7NSbACRKyzYR8pgCvTtAH8qEnv6AX1J, 104.6025104602510460251,
tz1dcpUhXGeXexEXispSpfv7CeufoFnV7AAf, 104.6025104602510460251,
tz1PB27kbPL64MWYoNZAfQAEmzCZFi9EvgBw, 104.6025104602510460251,
tz1ge7TGTS3aF1JS14dGBUicxjvbmfPCjk5N, 104.6025104602510460251,
tz1iMfjNhpcUfDNCFTY5j2S3J6cY9NU8fKuv, 209.2050209205020920502,
tz1VESLfEAEwDEKhyLZJYXVoervFk5ABPUUD, 313.8075313807531380753,
tz1ai8RiDqC2DRGCasXCjyrwrKzjVfdFcQu6, 209.2050209205020920502,
tz1e4PwSbGrdyq9dkxmrQYe5BaUHkETqRvNd, 104.6025104602510460251,
tz1S4Sp3WtEz3MfdBjiaRWEAG3ZDSngAR5L6, 104.6025104602510460251,
tz1YtCgmoiNhDcP6CY4WMC2TturcZjfh72xt, 104.6025104602510460251,
tz1c6hrQVPQHzpkPUSriqKCcjz4YR2CoPW3t, 104.6025104602510460251,
tz1MhrfFCm1d31BQC7BEHibyogXci2D8nAtd, 104.6025104602510460251,
tz1cj6FQs2Zjuwwf1uY7e7fLQfzi3YAbNj46, 209.2050209205020920502,
tz1ZxzVg9QCSWncweFpLASiWQGd6xHAGDK8V, 313.8075313807531380753,
tz1LC6spS4FL2aLDmZ5dxBkjek9KVkis2qrD, 104.6025104602510460251,
tz1UmisgoJcCcHouD8Gzfj3ZJrHMUJSyPbQH, 104.6025104602510460251,
tz1hQhrsyXLCUnDiea23vsWh4DLS8eXdmwJU, 104.6025104602510460251,
tz1eHsZ3KJthCxWKC6ApNa4GtqUiMHdDFjoj, 104.6025104602510460251,
tz1RGYjCner1m5utuaoLCEhMRYperbpfC4oA, 104.6025104602510460251,
tz1ZgvuhCzv2JVwt5NDqDkigebaR4ufJeSwR, 104.6025104602510460251,
tz1ieeRuCdEE5TTLEKsDDYrgiyyaD9XwxCNd, 104.6025104602510460251,
tz1Rb2U9TbEkYVQM412wBzBbMbnqX2r4CTXs, 104.6025104602510460251,
tz1LovFrdT3D2uY5ijGnb16172szCqFazDCE, 209.2050209205020920502,
tz1Y788YMA6Qgc4fLgWYEpuR31mZtVtDBcLT, 104.6025104602510460251,
tz1WHUWCMqVqq5AagGN5DrytqWz88tYgedUr, 209.2050209205020920502,
tz1NW1MMFL3jytxBjhx1qATMJyY47vLBMa4p, 104.6025104602510460251,
tz2AfxrUdVASvdxaDqh3FCJmdrXrjP9W9q9k, 104.6025104602510460251,
tz1R9SnZgAScPWGbY16PjekoNH7rG4AdDY1J, 104.6025104602510460251,
tz1U9RY2mXmwAaSSm67rEy49N5YE1Rs7K223, 104.6025104602510460251,
tz1WEjGgTyPyhUapqCRvwBnHhLCNV38Jr1GU, 313.8075313807531380753,
tz1YkPeYATuSD36FLBhCQsG4rCd8EWUwy3Jq, 209.2050209205020920502,
tz1VXAAqokxhhf5iwfvkJ8tRukgVLN8BVyce, 104.6025104602510460251,
tz1RQSPkayG6f7kZHRzkbrDF2afC3z79Y7ho, 104.6025104602510460251,
tz1LSFyZ4z6k34KQ9rsoxE6gTgmik1nn2Zmy, 104.6025104602510460251,
tz1ZKjHfnw7pWTkfJMwGguDBqr6vngFH68ci, 104.6025104602510460251,
tz1UJd94Mz9pyLzfC8SAZvTdDHUs5qkFvucK, 418.4100418410041841004,
tz1YtK9qUJffq2SqjhaJEGbufVHEBWDLPrSV, 313.8075313807531380753,
tz1Lf9TbhWKGiUvQiRtgcQsBSUpki3wq64p7, 313.8075313807531380753,
tz1XMz2AoRGwy6WFPZJ7kLTsU3gcErYaT2RM, 313.8075313807531380753,
tz1NzYUdMuhgzvpX8adyS8Zu6ch2U9QrwfGc, 313.8075313807531380753,
tz1UA5ioj8wfUUkQCHqE3TXedPXfmt41xBTc, 313.8075313807531380753,
tz1UJ2ocTU76omNWGuXGTERMgfauXs3H5ev2, 313.8075313807531380753,
tz1dKuipgWszbTRD8hE5ar2YSDFTAFoy1yRc, 313.8075313807531380753,
tz1TWfAKNoJ5Fvae6ujzA9QPuQN6gmkBQGKi, 313.8075313807531380753,
tz1f77N6P9gvXWLWxzSVUVUQHUAHxY2usKDZ, 209.2050209205020920502,
tz1c2mqVZXZMXTirSjKp9bJqtAzdTWhk14Po, 104.6025104602510460251,
tz1QRm2TJKnarZ9tbL5CNjN4Ltq9pJtytuk7, 104.6025104602510460251,
tz1ZeRsv3qTfoKAzfaJLSGtqXpnJeUTM8BHg, 104.6025104602510460251,
tz1T76AfmL7nwFS1MbnvrNuKthDNsHdSixm8, 104.6025104602510460251,
tz1TZF1AEUQTA1XVJsyt39XrZ7X3KgJrdMux, 104.6025104602510460251,
tz1cjbJRrAoFgBrFbboxgz538Ej7ZBkwqqR4, 209.2050209205020920502,
tz1PBTP8LUf4TRE9tLjZyRFS9jZj4n8yR4jW, 104.6025104602510460251,
tz1i4GZNMM6Ku2L1jRE2tLq5Hu7556dZ8YHt, 209.2050209205020920502,
tz1TtLSSFGrP1796nyd1ZhGH3o1AVitoukLj, 209.2050209205020920502,
tz1aqesstBBcPcYFrqExyxCBx8BXFG27NW96, 209.2050209205020920502,
tz1YaPLZuVmZaKB69BjJXKUDgNaZrxBR4Lfn, 313.8075313807531380753,
tz1WXvtudd5JjFrMHrhrCPiiv7FnWbXf1uDZ, 104.6025104602510460251,
tz1KnpHArbNYQRx6MuU6QJePas9CHNewQx9j, 104.6025104602510460251,
tz1bNLPqmLVxWF6puxbFZHU1yCJLiCZmHH2E, 104.6025104602510460251,
tz1RXevdVHRjueQCfLDt3sVDYyb8x51TtEfh, 104.6025104602510460251,
tz1M1GeKygCz5ZcM7suebdLiaGMnjAeFP6hT, 209.2050209205020920502,
tz1TnRS37WDHyLkFrZdP8JaAojCow4XgLjCo, 313.8075313807531380753,
tz1V2ihqFHKX41Csdvn9smBivDAu3iHBR4MM, 104.6025104602510460251,
tz1RZPb7kVHRih6Sg8cwaBveXSiMRjx9DkTY, 313.8075313807531380753,
tz1RSRuULmTkaXTjrhbFuNkE4mkJLRGPWJmy, 313.8075313807531380753,
tz1VCHt64845gjvAC9DicPt6WrvhHASKNytr, 209.2050209205020920502,
tz1LSMu9PugfVyfX2ynNU9y4eVvSACJKP7sg, 313.8075313807531380753,
tz1ZNxMa8XsMa8JTv776X9iCETcNoo4SY629, 104.6025104602510460251,
tz2VG86MBg1rwqXmwj4yXTLNJJarVoUEUKiE, 104.6025104602510460251,
tz1e9zf1JRiL1uZgdyGE28WXM6z4xcYDUEKi, 104.6025104602510460251,
tz1ZQDgKHTotT9R5SURWDJw1kD2phLn4Ncp1, 313.8075313807531380753,
tz1VRjXZHZjqxjwVYyBdGGRBYGEJncuJcKMQ, 104.6025104602510460251,
tz1Nam6uqEyB6mZAK8hrRzJVrw3GEi6khixC, 104.6025104602510460251,
tz1ez5hc7wfNKrZ65vVRyC6JBBxZF6UYX3aD, 209.2050209205020920502,
tz1WKrHsuJfc3yuJBPskxxFgcTxDcRwBFPtg, 209.2050209205020920502,
tz1aXJbVA8vUwi7r91ggPhgqFqaqY8isLQBW, 209.2050209205020920502,
tz2ALu8Jxf2SMgzSZaZEwfiJQbogpUDPStwz, 313.8075313807531380753,
tz1SEEQNGjxP3SC8biDWMMHwgpYk1aeiQDyJ, 418.4100418410041841004,
tz1NGQWcfuY9WfZmPjwjn2Vy3kbAcNLtFqhQ, 104.6025104602510460251,
tz1aWwVu9MLbY2MiqL8H7WuzJ2g39m67oJQS, 104.6025104602510460251,
tz1MjfmzHTLq5oJUx1FgkxSHFfhbetiknSqR, 209.2050209205020920502,
tz1bDMtwR2dCKv64g4ZKKzK2o4HF6Z6ULy6R, 313.8075313807531380753,
tz1dq82YADjaJVLqBuqeKA7QYbBDGXzygmyY, 104.6025104602510460251,
tz1MoHS72xDMarrEG4y33UFmqPs4uzzARnry, 209.2050209205020920502,
tz1YRHx4n7qM5Gdo1Zswz1fuudFoxwFL5iBW, 209.2050209205020920502,
tz1iATaxwPiUFsu5WdzHbqgTjAgcXJiPRKyq, 209.2050209205020920502,
tz1UD8oMF4ACJVqzHuix9MtZ3NVR5D4suyAj, 209.2050209205020920502,
tz1Nmu5WqxZHVCnkCToaQ3LUEMFcLeqFpqiz, 209.2050209205020920502,
tz1ZrL3FSmZz4PH57jQh8HCgFnPDmbDtzVBc, 209.2050209205020920502,
tz1S9ytCLf3YEM4JUFotGuXH27S6karEeKmC, 209.2050209205020920502,
tz1VZNFh9ngAx6PYH1rajA5HHmxUHFUtRViH, 209.2050209205020920502,
tz1bAnyngBRVCiBueEJoEGoGYo4vPauBXm8L, 209.2050209205020920502,
tz1d3g6cTvL9kyVsdW5i2QAA8chxVyS4qRxL, 209.2050209205020920502,
tz1cGmXoj3UNq5kRB3B1QLBSTvNGoC9rGQqd, 209.2050209205020920502,
tz1TMKVieER2p2xicAUjAERsoozV153yaFnx, 209.2050209205020920502,
tz1W3X36muV1JvVKU3reKf42vF8AEoNm4Eps, 209.2050209205020920502,
tz1MjQgajrCn2TtwwE427NGXdhrNSFyNQLdj, 209.2050209205020920502,
tz1Sv7skjNe59gCoTPZ6VUSnFeZ7SktNfA7L, 209.2050209205020920502,
tz1Q9bJrnyeP2ZkaV79DbgZ82yvULtKUXG1W, 209.2050209205020920502,
tz1Vrak6ozooi4M2NjGyimE2pHvGEkFU89xd, 209.2050209205020920502,
tz1UWK59mANmWfktSyqGYRmiGdWgiY9VTsSU, 209.2050209205020920502,
tz1MGE2vja8aY63X5UbKaGqnq1vjQwggzQgQ, 209.2050209205020920502,
tz1RP29PsngFpzX29Y8szAuqgtA5DXCGtCoq, 209.2050209205020920502,
tz1d8FKMWB639xwv7eduU2VzhnEeQLGwngGT, 209.2050209205020920502,
tz1bji6yFvM1knLzj9WAP1kRaKewJiXVQSmD, 209.2050209205020920502,
tz1MecDJoy514PR8aYqAu8Wdz5StX4iXY8AW, 313.8075313807531380753,
tz1X6ADVxP37XjYppBHMLVRJQwmxA2YxztbQ, 313.8075313807531380753,
tz1WWzemVHRhtsP2C5Zo1b1CJ4pnQZf5NLJG, 313.8075313807531380753,
tz1YkVzUhf7YB9Dpfac1JCbqpxkxXrotQJeM, 209.2050209205020920502,
tz1P7A3YFgeSsGgopKN9vUU86W3psgTMdtcJ, 104.6025104602510460251,
tz1SDkpCxz9hu9DLzKe2HQRdRtaFTHeiibQk, 104.6025104602510460251,
tz1NhLfGEpY3LzwcwU6hUYGp52cHiBKZqnXK, 418.4100418410041841004,
tz1Uj3ZmNhjvzC5YtiVW1Yw9KmhwkQEBABTm, 104.6025104602510460251,
tz1Z2mQP5Vr9cTK96ijTArTxcvyvNwYdzRBK, 418.4100418410041841004,
tz1Vv1E7bLHFnLVNzBeJRddshndntEiRat4e, 104.6025104602510460251,
tz1R2fzTGLU1PuuMasBdnxa2DZfXGoajBNhi, 104.6025104602510460251,
tz1gDpbgZLmPffFfv5VEBELgsoPKK1m769Wd, 313.8075313807531380753,
tz1YtUbTURpWeX1CzHFamxS7fGdaKwKKgMzq, 313.8075313807531380753,
tz1djxLnPVGFnR3H1wY7K1TRoMzgcsitQHff, 104.6025104602510460251,
tz1Yoe8QLauwLiYB6bpDo6tXNtfidrrcUyCx, 209.2050209205020920502,
tz1ULQQ3S4kFLhhpPsegiMVFmXx2G6ewmbTA, 313.8075313807531380753,
tz1bKUD8UtyPfknyWyMbtTqsfdMuWomrPdSp, 104.6025104602510460251,
tz1bzr2ZpR7oiyUQys7uiMDRptFF5dDs3XtN, 313.8075313807531380753,
tz1aeiN2menZBpfVQAz7KggAa18khX3EfVuv, 104.6025104602510460251,
tz1Q5gctCYDhh6FKCbAHThsjey2LChzXmkRT, 104.6025104602510460251,
tz1gMfLSQs6xTM2TcLM6Sb2njJ6h9qhSsT9Z, 104.6025104602510460251,
tz1g2QcL27urJzBZqgpEvusioZQspWEQqjBi, 104.6025104602510460251,
tz1QppHuA9TUoFN5Ek2ZSmRPdU1xQiwRSnPb, 104.6025104602510460251,
tz1TXwJMAm2XcTpYTj2XHCEkQCCzqGtR3MRi, 209.2050209205020920502,
tz1bszGRPa1MnqZZAbcm9rmTTmm7NpQS7RWC, 209.2050209205020920502,
tz1XrThJDztPJoJEKbYXqaDxFzwp1Adbo1F8, 104.6025104602510460251,
tz1TwG24jP7Sow6uq8554A6AUSxwtMQk9sp8, 209.2050209205020920502,
tz1baTPKfqdB5fm1XBS5xWbs9ribuzveetJX, 104.6025104602510460251,
tz1Lr5b1P6dXGMVhgSa3MeTyBfy8uxSs6V4q, 104.6025104602510460251,
tz1Uz7FsJ8yJLkCpQyTvfo1TEZLKiVQERkEe, 209.2050209205020920502,
tz1iTsru8uhrNaLLWdgREtvxYFrYgrrneywo, 104.6025104602510460251,
tz1NkGJR1x59KMwfLr2a8bAqDYSm4WeDjeui, 209.2050209205020920502,
tz1USgVdDHovucdwWXcd943nkjN9Dc2kZ36s, 209.2050209205020920502,
tz1cVcDkvek2UNAo8ihaycH6GqEZknuxjz9L, 209.2050209205020920502,
tz1Z4eLXZquq6x1kMujWqCN3eQbTzwkMb5A6, 209.2050209205020920502,
tz1VYfSekJV2Jcjbgt4VaaDUDH1knN1ytNUU, 209.2050209205020920502,
tz1Z6ikQVtLws398W5w6qMLQ7pjv8eEutu9u, 209.2050209205020920502,
tz1iAafYqNNj9ZqP2Z3iPwokaUfMmrNd4UkY, 209.2050209205020920502,
tz1ceVRLF5yAKvGcFXu2ngFtqXbqkKd1kAZe, 209.2050209205020920502,
tz1gSHNQkhh8qNCXgLn4MWnH9DZ34NGUn8Hz, 209.2050209205020920502,
tz1bxpnJwhqrdhf5Dmsp8QusjL9zN4qbDCWs, 209.2050209205020920502,
tz1Na5huiaV3a12iSqDs5Rjib6PVq5xt4jQH, 104.6025104602510460251,
tz1PiqQmCNCa1M7uykv4pvcuFFgfQo6f27cP, 209.2050209205020920502,
tz1NoV2nnTuxavEAuozNyHm4nqT3qtkYUNYW, 209.2050209205020920502,
tz1cka4k5jrVz6eduybGy2Wb3v5NuXA8uWqu, 104.6025104602510460251,
tz1TryFDNby2e4T77HhTbgThrpqLM2G6KGdK, 104.6025104602510460251,
tz2Tdzg9fBGWxti87romXRcxiZu8M1bYB3Hj, 104.6025104602510460251,
tz1PnbhBb2TV4tJjX1BpAScx8rPk2YAcc5VD, 104.6025104602510460251,
tz1WrZ2Th2eCuq5NuZb8nHXPJUjaBE25Uwgv, 209.2050209205020920502,
tz1PkqVGKryU2RgCh3ch2dfSMMwq9wpbuCvx, 209.2050209205020920502,
tz1S2YCqqbddiWtFeiRXLUKcdAw5AXc66w8p, 209.2050209205020920502,
tz1NrxttoDXh3sKPRAv96KWy7JoJoHtaHKzW, 104.6025104602510460251,
tz2VDFmUhzQRZNaasQDu2DvEwqiXr8wiueU3, 104.6025104602510460251,
tz1Mq8j7AwoynKU8vXTe7ovh2ZALzxVHnRUM, 209.2050209205020920502,
tz1Q9Bgggw2VDNfcNtwUtK5ykmXEgXiDWQSs, 209.2050209205020920502,
tz1SFeLaGdLzgJZiCDnSpMCsbx76pHZZwA2E, 209.2050209205020920502,
tz1YrfZhjFnhgERznXtYee6c29n3PBeam8A9, 104.6025104602510460251,
tz1SB6rA5pJmRJCeRQZPDykR8RFAzgcjF5bZ, 209.2050209205020920502,
tz1VG93T7617XZntLyyo2KzoZs2cK69GrABm, 209.2050209205020920502,
tz1eRrQnioaBfZkWnXxYth5ZHYJqr48E854Q, 104.6025104602510460251,
tz2X8pc43fTwS6p8erjSNp269JT3wQt9J2h2, 104.6025104602510460251,
tz1Y7PDJ58r8AEKqdnnG87azjdi19uMTB51G, 104.6025104602510460251,
tz1YpsY3TYSPeyGfCWj3XJ4U8Qu3FpGpefpp, 104.6025104602510460251,
tz1a9xk5qhcqU6vnQuiBF1bdFQva26nJ8Voe, 104.6025104602510460251,
tz2WqrBSpjhmx5Ea3MCrpc7TuybbCXb7hChy, 104.6025104602510460251,
tz1bBJ5SkJfSufeUrhR3Bn34NhTm8dd6vmtg, 104.6025104602510460251,
tz1c1BG1PEeuhMFwmonTVSGafehicqbBJFec, 209.2050209205020920502,
tz1f4g2RKJkvQ47MDBDpe11UnNo3iGBFmuHM, 209.2050209205020920502,
tz1Kos4Ra6sdttpXE6yLYK2KTBfBqkTzXnE3, 209.2050209205020920502,
tz1gWrjEiQibCss8cyFuHTULRdhEhkiujudM, 209.2050209205020920502,
tz1Tq5XNVx1SKkwQL1PVQWJ7vKu7s7WHMtCq, 209.2050209205020920502,
tz1dqTasQcSSEK1UKJG9ifu81VyPnKzdV33T, 209.2050209205020920502,
tz1c2iKyKoYoAEo6vArj8rFBFFC5Dnc3w4Ss, 104.6025104602510460251,
tz1eKTUc8X17nVmtVRtxBcs3hwUPXWuqP2AS, 104.6025104602510460251,
tz2WfHbdXWQ5wQLKfSkvqbaupvsith7gv6Vy, 104.6025104602510460251,
tz1e4epYR8MQiunGs91T2g7G2cjTpbKPpoc8, 104.6025104602510460251,
tz1hUG853vcF9SBxENwVxfZnMyuLTjh5Ef4b, 104.6025104602510460251,
tz1T3hDgHXWvzC7NCUa3sjx5mFkEa3BDujqJ, 209.2050209205020920502,
tz1bFW4mR1M6MTY8eJxToW3bG6o74ZKpxuhr, 104.6025104602510460251,
tz1hAZNx3LrRKFgfRytoLNVGhCrzU1uVDUHS, 209.2050209205020920502,
tz1L2tedTEhBmfaJVd2PeVqRmYjaJcKtZ5v3, 209.2050209205020920502,
tz1Z4xVY4HrA3z51qwFLfD9KPxg47wxskndP, 209.2050209205020920502,
tz1SRcMg9GRXi7paNeAc3ARn23mS3Z5dXa6S, 209.2050209205020920502,
tz1gucx7tZJn55vxBNQWzRW6rVfeRLSe12X9, 209.2050209205020920502,
tz1Qi31WujC58TRRqMsLA5qukRvxnps6zhhU, 104.6025104602510460251,
tz1iJJPGh7arygfq5EC2sBaAF23T8iUYTpEH, 104.6025104602510460251,
tz1SoncZkvJZAbGxaJBuQ3ZuT3Sc2bKAEg8C, 104.6025104602510460251,
tz1ZsYhGDQDv4n8FzCX2yaYRBh7FRu8ktM3B, 104.6025104602510460251,
tz1L5rXu3RqYBjZzjWXLaFANYZcwS5Pb1ZST, 209.2050209205020920502,
tz1WidyAU8wuyG25Pd7b93bcx9hMu7W9Pea8, 104.6025104602510460251,
tz1NQPH1iWvxhz24mt4Txq8U5WxFrJmPgaT9, 104.6025104602510460251,
tz1YHWL72KHVVRGxPfEA2r1jtLtuCmjM4hgW, 104.6025104602510460251,
tz1TiJBTfVoXxregtdgCs1rYd55APXSAmniz, 104.6025104602510460251,
tz1XXPVEXfBF1gGafzSDdRvuJCQh1PGg1rXt, 104.6025104602510460251,
tz1ZdpmKkqKNAWYvc7MudCgNeDqSp5E4CfXk, 104.6025104602510460251,
tz1cbV6kvBuiEB4V5HhxNBmuXipXHMddvCgg, 104.6025104602510460251,
tz1MdBZxdYFQadXyciqo5ZUu9E2tmSxPQjCF, 104.6025104602510460251,
tz1bA7aVbV7SpBfr3FExkrTMt8woAdh1zZDJ, 104.6025104602510460251,
tz1W6NhAyy8anAmcGbkb278v1L8FJDHYDuba, 104.6025104602510460251,
tz1eFr1ihFJSV6mVKUNRgwUKJ2X6fp21KRQ1, 104.6025104602510460251,
tz1QSwL9CXjccXSyj8sscbN3Ed4iUfY6jdKC, 104.6025104602510460251,
tz1WpPtMbCyybpvw4eGWdj1wZqeRoxQyTWWm, 104.6025104602510460251,
tz1iyEMoesUHWLDPqRdihANrY4j5uNhZ84dA, 104.6025104602510460251,
tz2MKjqSWfFpQhVhZrLAWteVg9k5cBPZeuq5, 104.6025104602510460251,
tz1MY5fkqHdkWuFPAdTbCPQMhU3hi86sdwYQ, 104.6025104602510460251,
tz1gt6ik25GbE2ZTwHRbVzvXgxP46fGizSFh, 209.2050209205020920502,
tz1cy3X651cSUhtJbNysH9maFC8LgJz9KyYv, 209.2050209205020920502,
tz1LxFeaR3ZNkMRstvhjNeVbpv9vz2LttLBz, 104.6025104602510460251,
tz1R6mtcAQwBTK9YpSqRL9y2a6JZWgDkBm6M, 209.2050209205020920502,
tz1ZMTKC3VXXjbYCUHRiyn1REeJXiznh6QgL, 104.6025104602510460251,
tz1gWt7kUnJtGXoT5BYzHVa89qGp6QVvQmyp, 104.6025104602510460251,
tz1WesAWyTc8yMZy6Z3PCwz8GYXqFawGifqm, 104.6025104602510460251,
tz1gp4A8cYNNcfQuYT6LnVQ5Dc1Nwf4vvxS5, 209.2050209205020920502,
tz1TexiiVDuXchjW3XfkYb8epPznMrsSj6oF, 209.2050209205020920502,
tz1ZJWZHTJwSmvh5aFQXBTYQEvVF8dxdno99, 209.2050209205020920502,
tz2NyhuiiC5Yyg1tDqM4GvCyuRFu4JHMHiYf, 209.2050209205020920502,
tz1PFaBHa9eipGtv14rHMG7QCkZMGmXEwLcS, 209.2050209205020920502,
tz2QMBs25ZDBDczPQ5qDzAsvep4NSUKgVvF7, 104.6025104602510460251,
tz1TQBKnPwq8fDCYoWEaNM95nnUyQ8LjtNf1, 104.6025104602510460251,
tz2VarjWds6jQ9rgD1BsKVqfoD6DbMYRmMs5, 209.2050209205020920502,
tz1YFf88w1azuHnVVb7PriaRMcuDjQoit4kR, 209.2050209205020920502,
tz1L9N9UFt34nZyUvazrsqfUrXitkb1vzYc3, 104.6025104602510460251,
tz1Qp3iPKDQx1niGVjARvzrsC98xEhUQAvFY, 104.6025104602510460251,
tz1ZdiZutwwsY8fzeB9YouqSwym4mcCzkmRE, 104.6025104602510460251,
tz1YR54HSBk6CD5G2Wtvtco7jBsufUHcF3XK, 104.6025104602510460251,
tz1R2TWbuBWwj4kHHtd74rswahZQuGU65ZDN, 104.6025104602510460251,
tz1RSQ8MiXbeJhH86YSieazCP2oZzWtuMsRx, 313.8075313807531380753,
tz1fHB9LeBzjooSqiAK6Rovd9etwCPssRyvC, 209.2050209205020920502,
tz1ae2d1BJt7YUqaaec6Xenh3mBqS7VjSZtK, 209.2050209205020920502,
tz1i5kefxcHTKrTfJAjapV9ZEjxYQrHnxqup, 104.6025104602510460251,
tz1WvXWKDemEajK24DHJqFWaZhhVnQsNvsFj, 104.6025104602510460251,
tz1PRaAwb6vNptpULnb6QiQv2zQTc7SU6Hzf, 104.6025104602510460251,
tz1L2TFnPgsPZCLCetAa63u9CBvEuNVjx5Qg, 104.6025104602510460251,
tz1bZ8vsMAXmaWEV7FRnyhcuUs2fYMaQ6Hkk, 104.6025104602510460251,
tz1QKmewVc3nMi2MHBqeeowPHtffr3YyLxms, 104.6025104602510460251,
tz1cT9v2DmjyJPcpBMfuDASpshAjtosbr3kQ, 104.6025104602510460251,
tz1SVBnhVm7vUU1dWenzYt1SEcbFq1cJvZ9T, 104.6025104602510460251,
tz1RJf644pa7QAZqKzrPQGiYQPyubXarC4cv, 209.2050209205020920502,
tz1LRrXCmELevk5znmVcYD63TChSpYh3vaE6, 209.2050209205020920502,
tz1aZS4razL6StwamXkfcoPJ98j6birGKvsY, 104.6025104602510460251,
tz1isKR8pS4pdgU934K1S4UpLsF56ECJNArh, 104.6025104602510460251,
tz1WTb67VvXjMievFACoRZ7ABfvPkA9E9yjs, 209.2050209205020920502,
tz1TyFk65owRQ9GZhjp8Ae1AhHwkyQVVbXoL, 209.2050209205020920502,
tz1cvrgSekgCqgyc1c2qFPSeMtux6AAAfDsk, 104.6025104602510460251,
tz1fTW7acprdT7F8c4DSBvXwXp41qJos3Vwk, 104.6025104602510460251,
tz1MPgB4GHWgWtNZMDe3JVJZK5QyDa5nCPGc, 104.6025104602510460251,
tz1fQLfG45QmAt9BfKamCdqLMA2js7MwRKhH, 104.6025104602510460251,
tz1ZngtWnErurc97WWAybgLz3aJ4ojhQssSt, 104.6025104602510460251,
tz1aDw7CX1HBcyGqbrctgPwtH8FcRvNMPMXE, 104.6025104602510460251,
tz1cBX73LHL551RXenK99LFAVo47XBnv8BVM, 104.6025104602510460251,
tz1XybL3snBTHxyJaM6CkE1aMQPh95Ra4j9k, 104.6025104602510460251,
tz1gSPkEEMkMJjYDa9FrNzxGbMJrdzvqwkW2, 209.2050209205020920502,
tz1dPHDXSCFo8PienbvDMyCKr5DXjPMrZkJ1, 104.6025104602510460251,
tz1eeR22tmjPN3rGDikEMvpe8jcdXww3dqTt, 104.6025104602510460251,
tz1XXDpFMffg3VTk4hSto6pXtk1BxwwxJ3H9, 104.6025104602510460251,
tz1ZgrzwpwN1qyD84wgRc6CbNCo7aamKhpCv, 104.6025104602510460251,
tz1YiXGGJVWEPKdgK73yCkyRgbGX4mqfQRHG, 104.6025104602510460251,
tz1WDtMQdggPNJvQVvVBSS8cHTKy1aLLWBag, 209.2050209205020920502,
tz1imrUNR1R52GxhP4y6XQCDDXtQs11GarTN, 104.6025104602510460251,
tz2NXn1uhqMbfwSJ3w2Q6ymrPQkF45BxPu9L, 104.6025104602510460251,
tz1Md6npfDk8cL8rjnPNZU15tHvyCZkcGDuu, 104.6025104602510460251,
tz1NzDBDAaSEDewoSmdXvtTvnG24oUATbEU6, 104.6025104602510460251,
tz1LeYVAjRmE3MnyNmYKg9ft3XarY9sWsHqD, 104.6025104602510460251,
tz1XEwWtP6DHFm4kGfTnJM7W81d6ZzaH2qV4, 104.6025104602510460251,
tz1YLXAiSBFcQ5zRT9mKUiqhbnmaq4EVcHxa, 104.6025104602510460251,
tz1SvMHKyNA2GsDqCs9ADSegZvKtoq2ergyS, 104.6025104602510460251,
tz1Z1xRcvcqPPqja34fWNd1StABUV38LnbpW, 104.6025104602510460251,
tz1Mrmh6eqh69hgeCXCCUtSaR8THWd9FFHnb, 104.6025104602510460251,
tz1hvqKwQ9wPavCjQPnX4QdV5zBdSaXFp1t6, 104.6025104602510460251,
tz1XAFvpynqgRBizrYs12fBt563NSHm9FWve, 209.2050209205020920502,
tz1Mw3csUeeC87HzzShrFzLr4vmmQg3tWMsj, 104.6025104602510460251,
tz1YCsSaNyBejukNKvdvmv88EzP6AMgdGV1t, 104.6025104602510460251,
tz1SLvRxfc6NFQBwkPBgXNjkeJP9S9JUrDT7, 104.6025104602510460251,
tz1hVkjxFKtjAYSX6vwzdx47sFqyjjJf7duT, 104.6025104602510460251,
tz1SHW2PUfV6PzS9jsJmHCCLTE6qHRNwwGbZ, 209.2050209205020920502,
tz1iVi3a22yASeuDvjYsKQWM45QtQx1zL9P8, 104.6025104602510460251,
tz1abg9zujDpnmirLeAqMFpdgcc7Zf4KzcYo, 104.6025104602510460251,
tz1iPeVakaABzkhWFmG8mjYMpcN3JCpHBvZ2, 104.6025104602510460251,
tz1UDKnaDnazvt3tT9pdAot3VZ9eSTohK1LU, 104.6025104602510460251,
tz1XzerbE8PQfpmkRERWAE3iHxVzJ2jMb7ii, 104.6025104602510460251,
tz1XLSGfn5pFH7hh1W29CPSYqi1eQvKxQo1j, 104.6025104602510460251,
tz1ibTknNagJCgQPgcbPvJhpSyS5vxgdyFt4, 104.6025104602510460251,
tz1QdTE9vJieWqSuJCh1hKWnWZKqabNBrxR2, 104.6025104602510460251,
tz1eM8EAJnBT4uNdGSwVkJh9ABfLVoYQ2mDC, 104.6025104602510460251,
tz1i6YJszLqdd951QWxegcJqRYhuQzm9aQei, 104.6025104602510460251,
tz1WZCY2TQfJKJ4Mj84dWGE5AKFtqgZbgQGM, 104.6025104602510460251,
tz1KyJ5EEDLowyoGq4EVY4Ei8gxLB3mTwZ7W, 104.6025104602510460251,
tz1d125GVGG4QJEC9N6dVQ8g9TpcnJULNhkr, 104.6025104602510460251,
tz1fF85zv4Quw887h618ZzEZMyi5yg6aXaWe, 104.6025104602510460251,
tz1MrZQhiNiHK14oEq595DLsVQ9wC4Nv2ZXW, 104.6025104602510460251,
tz1eoqCSmqPQtTLs53Rj6gBB14eQh2aHWVxu, 209.2050209205020920502,
tz1bX4r4MD9tT93LRJff4nkwcrphQpatWpvw, 104.6025104602510460251,
tz1QoX2rtnpKq3MxJ21E9NcEKxqPL4dKsEcn, 209.2050209205020920502,
tz1e34cyK8Ppa1Sw4WbwMJG6fECUsh9ifbDh, 104.6025104602510460251,
tz1fQ8BJiGCqHZRo7HPsZnXLdVGxBZQm8vMV, 104.6025104602510460251,
tz1e4veqK6tHyApLHvn3vsPo7hgaKPm86Vxk, 104.6025104602510460251,
tz1fVSpcQBvNCmVShVgLUUXD1aMawtL5naMw, 104.6025104602510460251,
tz1LyjGUjpVmLaAsAuKybzmBxkmSyuRK1cFo, 104.6025104602510460251,
tz1NiSid2cdWm6sqSip79LXZywkQDLxiAhcu, 104.6025104602510460251,
tz1ez5iMMMy5ttaVaUAs1fN9eNuSeuaokewN, 104.6025104602510460251,
tz1UjR1hQ74Yo7RnuJE1rd5BZ172ktKtCc4Q, 104.6025104602510460251,
tz1gxoggcFi3GRvr3gSp6nSXSyKJ6RgzXEfb, 104.6025104602510460251,
tz1XbmhVLdDgsihnVoyn6aTRMURJ87YEbG9B, 104.6025104602510460251,
tz1fyQVubnpHTRuoftPZ3GYY4kJBrb3wquz7, 209.2050209205020920502,
tz1LUdy3KnxyyARheKtfcnRymhUq82SKLvyx, 104.6025104602510460251,
tz1XD1xSVzgY8Qs1id1kNyFJDbv9e9pNMe2c, 104.6025104602510460251,
tz1eo3dsD25GMrkD34awyjbH4XZi7JrsApPh, 104.6025104602510460251,
tz1eCZJnqAXjS2Dw3yd2uXbPyvdhSbdu4f4c, 104.6025104602510460251,
tz1ZLPbUr9de1Heuw2ey95wqd45MZzhFDWWz, 104.6025104602510460251,
tz1e8wrsyVhbVkAqEXC7ekCTEzEfy8KnjJKb, 104.6025104602510460251,
tz1ZfJqETo1V8rdvyWCCtkMJDn7QKCSSn1ed, 104.6025104602510460251,
tz1cTS1WwovU7SC783xgJxZrzr151mcshmNi, 104.6025104602510460251,
tz1S2V9AHVV8ra85VjC3uToyJdZND9gT2qhj, 104.6025104602510460251,
tz1aag4xQfh1FKAupcMQeQMHtYPfejzeKkW9, 104.6025104602510460251,
tz1Vi2KL4D739LZnjxqnkqSMsyoW541MtFs5, 104.6025104602510460251,
tz1awk5LLbgeEyVjH4bhUHV1yjtd8LThY424, 104.6025104602510460251,
tz2M9C5x1KoZGoQ9xEY6fQ6Xwbe2GU1RTzRx, 104.6025104602510460251,
tz1L98rgjYKkLqGoiJ6qLsLdrBxSjLfEnRcm, 104.6025104602510460251,
tz1TgtGGP3TDUMnUw4UzRTZHrsmzsSKraau7, 104.6025104602510460251,
tz28TEDQtxMmoi4ji4A1iYK8hdLLuUAzCbhk, 104.6025104602510460251,
tz1XZHusEWRoEE7hANEMixVGFWjSemc3heyh, 104.6025104602510460251,
tz1NS4ZXnzYBPJpspW2svbqdjGsgBsGZchzV, 104.6025104602510460251,
tz1XisBzUGgCmvC7pNS6hxvQ5hMvXUTd1p7D, 104.6025104602510460251,
tz1PTiQ6aPZB9oxB5aMGNxWAEeezUok4sEuE, 104.6025104602510460251,
tz1eFe7ufhpTuqh3LHB7zYLuFgB1rFCPXnzN, 104.6025104602510460251,
tz1aRebKaR6njMcV1K7kHASbiZFNxjUMeQBy, 104.6025104602510460251,
tz1RmNhtbAHyGnouU9ohsPnt9c7bdbXZT6rF, 104.6025104602510460251,
tz1NCsGajb5YgZdhdviKrfisN3VteMasnzQi, 104.6025104602510460251,
tz1dCyFm9jxuhxJEi8UW5sgiS7TFubaNT1J7, 104.6025104602510460251,
tz1KpvuPq8Tjn2NcL2kzZPbZ5pto5Jhfn1Bc, 104.6025104602510460251,
tz1MFPtcQBsyRPoaVX3sBz6hNGkMD6EwXaLv, 104.6025104602510460251,
tz1YT4u9DnGFiRM8AXXACY8LWuV1rW3A2hFb, 104.6025104602510460251,
tz1MToDUySbYhPabULUyDPPsfDQF1cpZPdoH, 104.6025104602510460251,
tz1Zvy3bKQWdv5mV5iiGKCpNdwmSYHDg5oDA, 104.6025104602510460251,
tz1fn1T57h9icKEeG97XtymQ2AJjVY56p9oN, 104.6025104602510460251,
tz1TTRdaS9GV7Vzd6ryHVn9XYNbDGhfW16pp, 104.6025104602510460251,
tz1UpBrpg5hKGY3ugnSTaVHXGKbDNEraN2cX, 104.6025104602510460251,
tz1eMxPBWq3BxK5btoVuuBvvPqw19RTT8U3X, 104.6025104602510460251,
tz1hR6q1QMUC4wLD3izGsfeZ3HuyfJH5QajX, 104.6025104602510460251,
tz2WYko4XXaV4B5mzjguTeRkkgw8LyB2jA2d, 104.6025104602510460251,
tz1SBF19iLiCc8dNpKe1Ym9juSAKaTPyeypF, 104.6025104602510460251,
tz1RFUjzPENm3vF7quaxfELQCfNTCSjAsFdA, 104.6025104602510460251,
tz2VSx3fkM16vtvQDy5FeFiLc6jvr9skNupG, 104.6025104602510460251,
tz1ghDu2tnw9XveuAx9zJKxn2DBtefgVD93y, 104.6025104602510460251,
tz1eE1qrJhsWPe65WEt31pWG2sJN5zxJZNjM, 104.6025104602510460251,
tz1N4Q2BLS4sYvKCoM5XxFAEL1yoEY8TSS7j, 104.6025104602510460251,
tz1Tpms3fccT8x1pVY9BQKgnvppew71pTDDd, 104.6025104602510460251,
